{
  "Total" : {
    "transaction" : "Total",
    "sampleCount" : 400,
    "errorCount" : 0,
    "errorPct" : 0.0,
    "meanResTime" : 28.414999999999974,
    "medianResTime" : 11.0,
    "minResTime" : 2.0,
    "maxResTime" : 143.0,
    "pct1ResTime" : 101.80000000000007,
    "pct2ResTime" : 133.0,
    "pct3ResTime" : 140.99,
    "throughput" : 316.95721077654514,
    "receivedKBytesPerSec" : 145.16500965729003,
    "sentKBytesPerSec" : 86.04893026941363
  },
  "DELETE - /usuarios" : {
    "transaction" : "DELETE - /usuarios",
    "sampleCount" : 400,
    "errorCount" : 0,
    "errorPct" : 0.0,
    "meanResTime" : 28.414999999999974,
    "medianResTime" : 11.0,
    "minResTime" : 2.0,
    "maxResTime" : 143.0,
    "pct1ResTime" : 101.80000000000007,
    "pct2ResTime" : 133.0,
    "pct3ResTime" : 140.99,
    "throughput" : 316.95721077654514,
    "receivedKBytesPerSec" : 145.16500965729003,
    "sentKBytesPerSec" : 86.04893026941363
  }
}