{
  "POST - /usuarios" : {
    "transaction" : "POST - /usuarios",
    "sampleCount" : 100,
    "errorCount" : 0,
    "errorPct" : 0.0,
    "meanResTime" : 23.289999999999992,
    "medianResTime" : 3.0,
    "minResTime" : 2.0,
    "maxResTime" : 120.0,
    "pct1ResTime" : 99.00000000000006,
    "pct2ResTime" : 108.89999999999998,
    "pct3ResTime" : 119.99,
    "throughput" : 114.28571428571428,
    "receivedKBytesPerSec" : 56.361607142857146,
    "sentKBytesPerSec" : 35.36049107142857
  },
  "Total" : {
    "transaction" : "Total",
    "sampleCount" : 100,
    "errorCount" : 0,
    "errorPct" : 0.0,
    "meanResTime" : 23.289999999999992,
    "medianResTime" : 3.0,
    "minResTime" : 2.0,
    "maxResTime" : 120.0,
    "pct1ResTime" : 99.00000000000006,
    "pct2ResTime" : 108.89999999999998,
    "pct3ResTime" : 119.99,
    "throughput" : 114.28571428571428,
    "receivedKBytesPerSec" : 56.361607142857146,
    "sentKBytesPerSec" : 35.36049107142857
  }
}