{
  "POST - /usuarios" : {
    "transaction" : "POST - /usuarios",
    "sampleCount" : 400,
    "errorCount" : 0,
    "errorPct" : 0.0,
    "meanResTime" : 740.6474999999995,
    "medianResTime" : 813.0,
    "minResTime" : 127.0,
    "maxResTime" : 934.0,
    "pct1ResTime" : 918.7,
    "pct2ResTime" : 928.0,
    "pct3ResTime" : 932.0,
    "throughput" : 188.7682869277961,
    "receivedKBytesPerSec" : 93.09373525247757,
    "sentKBytesPerSec" : 58.26423504601227
  },
  "Total" : {
    "transaction" : "Total",
    "sampleCount" : 400,
    "errorCount" : 0,
    "errorPct" : 0.0,
    "meanResTime" : 740.6474999999995,
    "medianResTime" : 813.0,
    "minResTime" : 127.0,
    "maxResTime" : 934.0,
    "pct1ResTime" : 918.7,
    "pct2ResTime" : 928.0,
    "pct3ResTime" : 932.0,
    "throughput" : 188.7682869277961,
    "receivedKBytesPerSec" : 93.09373525247757,
    "sentKBytesPerSec" : 58.26423504601227
  }
}